sensor_id,avg_temp,rank_temp
1085,28.98333333333333,1
1031,28.750999999999994,2
1024,28.707142857142856,3
1094,28.11888888888889,4
1088,27.81125,5
