location,avg_temperature,avg_humidity
BuildingB_Floor2,25.04896860986549,54.64035874439465
BuildingB_Floor1,24.988624535315992,54.454460966542726
BuildingA_Floor1,24.94331999999997,55.77944000000001
BuildingA_Floor2,24.09302325581394,52.78081395348835
